{
	"display": {
		"icon": {
			"item": "minecraft:cobblestone",
			"data": 0
		},
		"title": {
			"translate": "advancements.skyblock.collector.cobblestone.title"
		},
		"description": {
			"translate": "advancements.skyblock.collector.cobblestone.description"
		}
	},
	"parent": "skyblock:collector/root",
	"criteria": {
		"gravel": {
			"trigger": "minecraft:inventory_changed",
			"conditions" : {
				"items": [
					{
						"item": "minecraft:cobblestone",
						"count": 64
					}
				]
			}
		}
	}
}
