{"stats":{"minecraft:killed":{"minecraft:snow_golem":2},"minecraft:custom":{"minecraft:time_since_rest":91807,"minecraft:sprint_one_cm":173,"minecraft:walk_one_cm":5990,"minecraft:damage_taken":60,"minecraft:mob_kills":8,"minecraft:drop":18,"minecraft:damage_dealt":312,"minecraft:fly_one_cm":713687,"minecraft:open_chest":13,"minecraft:crouch_one_cm":530,"minecraft:play_time":91807,"minecraft:sneak_time":4061,"minecraft:walk_under_water_one_cm":66127,"minecraft:jump":12,"minecraft:leave_game":2,"minecraft:walk_on_water_one_cm":66249,"minecraft:time_since_death":91807,"minecraft:total_world_time":92082},"minecraft:dropped":{"minecraft:iron_block":1,"minecraft:hay_block":1,"minecraft:panda_spawn_egg":1,"minecraft:kelp":1,"minecraft:porkchop":2,"minecraft:brown_mushroom":1,"minecraft:mooshroom_spawn_egg":1,"minecraft:sea_pickle":1,"minecraft:dark_oak_sapling":1,"minecraft:mangrove_propagule":1,"minecraft:carved_pumpkin":1,"minecraft:cobblestone":1,"minecraft:bone_meal":1,"minecraft:ender_eye":1,"minecraft:bedrock":1,"minecraft:mycelium":1,"minecraft:red_mushroom":1},"minecraft:picked_up":{"minecraft:glow_ink_sac":11,"minecraft:porkchop":2},"minecraft:used":{"minecraft:jungle_sapling":1,"minecraft:wheat_seeds":1,"minecraft:mud":82,"minecraft:piston":1,"minecraft:water_bucket":21,"minecraft:ender_eye":8,"minecraft:lava_bucket":3,"minecraft:melon":1,"minecraft:panda_spawn_egg":2,"minecraft:carved_pumpkin":1,"minecraft:iron_block":9,"minecraft:grass_block":574,"minecraft:mangrove_propagule":8,"minecraft:birch_sapling":1,"minecraft:redstone":3,"minecraft:string":1,"minecraft:oak_sign":10,"minecraft:spawner":14,"minecraft:mycelium":63,"minecraft:cactus":3,"minecraft:spore_blossom":4,"minecraft:chest":5,"minecraft:stone":2,"minecraft:brown_mushroom":3,"minecraft:spruce_sapling":1,"minecraft:diorite_wall":12,"minecraft:cobblestone_slab":7,"minecraft:stone_hoe":4,"minecraft:bamboo":1,"minecraft:bedrock":1,"minecraft:torch":1,"minecraft:tripwire_hook":2,"minecraft:mooshroom_spawn_egg":2,"minecraft:repeater":1,"minecraft:sand":578,"minecraft:cobblestone":21,"minecraft:cocoa_beans":3,"minecraft:mangrove_roots":4,"minecraft:hay_block":8,"minecraft:sweet_berries":1,"minecraft:hopper":10,"minecraft:red_mushroom":3,"minecraft:cobblestone_wall":71,"minecraft:beetroot_seeds":1,"minecraft:carrot":1,"minecraft:sea_pickle":12,"minecraft:acacia_sapling":1,"minecraft:polar_bear_spawn_egg":3,"minecraft:dripstone_block":167,"minecraft:potato":1,"minecraft:kelp":22,"minecraft:turtle_egg":4,"minecraft:pumpkin":1,"minecraft:bone_meal":396,"minecraft:pointed_dripstone":19,"minecraft:dark_oak_sapling":4}},"DataVersion":3105}