{"stats":{"minecraft:used":{"minecraft:oak_trapdoor":21,"minecraft:oak_fence":9,"minecraft:ender_eye":13,"minecraft:water_bucket":1,"minecraft:red_sand":8,"minecraft:lava_bucket":6,"minecraft:villager_spawn_egg":2,"minecraft:grass_block":52,"minecraft:armor_stand":2,"minecraft:oak_planks":45,"minecraft:pig_spawn_egg":3,"minecraft:cactus":3,"minecraft:chest":1,"minecraft:sandstone":4,"minecraft:stone":260,"minecraft:mossy_cobblestone_slab":5,"minecraft:clay":10,"minecraft:diamond_ore":6,"minecraft:sugar_cane":6,"minecraft:gravel":31,"minecraft:grass":2,"minecraft:sand":80,"minecraft:cobblestone":77,"minecraft:oak_leaves":1,"minecraft:diamond_sword":48,"minecraft:torch":4,"minecraft:zombie_pigman_spawn_egg":3,"minecraft:mossy_cobblestone":4,"minecraft:diamond_block":8,"minecraft:dirt":271,"minecraft:anvil":6,"minecraft:black_stained_glass":9,"minecraft:oak_slab":7,"minecraft:oak_sapling":4,"minecraft:drowned_spawn_egg":15,"minecraft:andesite":16,"minecraft:oak_boat":2,"minecraft:end_portal_frame":21,"minecraft:shulker_spawn_egg":4,"minecraft:husk_spawn_egg":4,"minecraft:coarse_dirt":7,"minecraft:granite":12,"minecraft:bone_meal":18,"minecraft:obsidian":30},"minecraft:custom":{"minecraft:time_since_rest":28994,"minecraft:sprint_one_cm":1202,"minecraft:damage_taken":320,"minecraft:walk_one_cm":13461,"minecraft:mob_kills":17,"minecraft:damage_dealt":3116,"minecraft:fly_one_cm":869278,"minecraft:swim_one_cm":9316,"minecraft:talked_to_villager":2,"minecraft:open_chest":8,"minecraft:play_one_minute":90338,"minecraft:crouch_one_cm":3297,"minecraft:walk_under_water_one_cm":346310,"minecraft:sneak_time":4482,"minecraft:deaths":1,"minecraft:boat_one_cm":257,"minecraft:jump":136,"minecraft:leave_game":4,"minecraft:time_since_death":28965,"minecraft:walk_on_water_one_cm":41664},"minecraft:killed":{"minecraft:husk":1,"minecraft:pig":2,"minecraft:drowned":13,"minecraft:shulker":1},"minecraft:picked_up":{"minecraft:shulker_shell":2,"minecraft:stick":9,"minecraft:porkchop":7,"minecraft:rotten_flesh":40,"minecraft:apple":2,"minecraft:oak_sapling":7,"minecraft:nautilus_shell":1}},"DataVersion":1976}