{
    "display": {
        "icon": {
            "item": "minecraft:map"
        },
        "title": {
            "translate": "advancements.skyblock.exploration.title"
        },
        "description": {
            "translate": "advancements.skyblock.exploration.description"
        },
        "frame": "challenge"
    },
    "parent": "skyblock:skyblock/all_saplings",
    "criteria": {
        "swampland": {
            "trigger": "minecraft:location",
            "conditions": {
                "biome": "minecraft:swampland"
            }
        },
        "desert": {
            "trigger": "minecraft:location",
            "conditions": {
                "biome": "minecraft:desert"
            }
        },
        "savanna": {
            "trigger": "minecraft:location",
            "conditions": {
                "biome": "minecraft:savanna"
            }
        },
        "jungle": {
            "trigger": "minecraft:location",
            "conditions": {
                "biome": "minecraft:jungle"
            }
        },
        "roofed_forest": {
            "trigger": "minecraft:location",
            "conditions": {
                "biome": "minecraft:roofed_forest"
            }
        },
        "taiga": {
            "trigger": "minecraft:location",
            "conditions": {
                "biome": "minecraft:taiga"
            }
        },
        "birch_forest": {
            "trigger": "minecraft:location",
            "conditions": {
                "biome": "minecraft:birch_forest"
            }
        },
        "mushroom_island": {
            "trigger": "minecraft:location",
            "conditions": {
                "biome": "minecraft:mushroom_island"
            }
        }
    }
}
