{
	"display": {
		"icon": {
			"item": "minecraft:leather_chestplate"
		},
		"title": {
			"translate": "advancements.skyblock.leather_armor.title"
		},
		"description": {
			"translate": "advancements.skyblock.leather_armor.description"
		}
	},
	"parent": "skyblock:skyblock/animal",
	"criteria": {
		"leather_helmet": {
			"trigger": "minecraft:inventory_changed",
			"conditions": {
				"items": [
					{
						"item": "minecraft:leather_helmet"
					}
				]
			}
		},
		"leather_chestplate": {
			"trigger": "minecraft:inventory_changed",
			"conditions": {
				"items": [
					{
						"item": "minecraft:leather_chestplate"
					}
				]
			}
		},
		"leather_leggings": {
			"trigger": "minecraft:inventory_changed",
			"conditions": {
				"items": [
					{
						"item": "minecraft:leather_leggings"
					}
				]
			}
		},
		"leather_boots": {
			"trigger": "minecraft:inventory_changed",
			"conditions": {
				"items": [
					{
						"item": "minecraft:leather_boots"
					}
				]
			}
		}
	},
	"requirements": [
		[
			"leather_helmet"
		],
		[
			"leather_chestplate"
		],
		[
			"leather_leggings"
		],
		[
			"leather_boots"
		]
	]
}
