{
	"display": {
		"icon": {
			"item": "minecraft:grass",
			"data": 0
		},
		"title": {
			"translate": "advancements.skyblock.root.title"
		},
		"description": {
			"translate": "advancements.skyblock.root.description"
		},
		"background": "minecraft:textures/blocks/snow.png"
	},
	"criteria": {
		"dirt": {
			"trigger": "minecraft:inventory_changed",
			"conditions" : {
				"items": [
					{
						"item": "minecraft:dirt"
					}
				]
			}
		},
		"log": {
			"trigger": "minecraft:inventory_changed",
			"conditions" : {
				"items": [
					{
						"item": "minecraft:log"
					}
				]
			}
		}
	},
	"requirements": [
		[
			"dirt"
		],
		[
			"log"
		]
	]
}
