{"stats":{"minecraft:custom":{"minecraft:open_chest":19,"minecraft:time_since_rest":3221,"minecraft:crouch_one_cm":137,"minecraft:play_one_minute":58015,"minecraft:damage_taken":240,"minecraft:sprint_one_cm":14510,"minecraft:deaths":2,"minecraft:walk_one_cm":63133,"minecraft:sneak_time":712,"minecraft:drop":11,"minecraft:jump":53,"minecraft:inspect_hopper":7,"minecraft:leave_game":6,"minecraft:time_since_death":3198,"minecraft:fly_one_cm":364577},"minecraft:dropped":{"minecraft:carved_pumpkin":46,"minecraft:pumpkin":84,"minecraft:dark_oak_button":1,"minecraft:dark_prismarine":1,"minecraft:bedrock":1,"minecraft:written_book":16,"minecraft:oak_leaves":1},"minecraft:picked_up":{"minecraft:sign":1,"minecraft:pumpkin":42,"minecraft:carved_pumpkin":23,"minecraft:written_book":16,"minecraft:stone_button":1,"minecraft:oak_leaves":1,"minecraft:dark_oak_button":1},"minecraft:used":{"minecraft:bedrock":1,"minecraft:dark_oak_trapdoor":12,"minecraft:dark_prismarine":4,"minecraft:writable_book":5,"minecraft:sea_lantern":2,"minecraft:stripped_dark_oak_wood":3,"minecraft:written_book":5,"minecraft:command_block":1,"minecraft:spruce_wood":7,"minecraft:prismarine":13,"minecraft:stone_button":1,"minecraft:dark_oak_wood":3,"minecraft:sign":12,"minecraft:dark_oak_leaves":3,"minecraft:pumpkin":1,"minecraft:dark_prismarine_stairs":136,"minecraft:dark_oak_button":10,"minecraft:diamond_axe":40,"minecraft:oak_leaves":4}},"DataVersion":1519}