{"stat.useItem.minecraft.end_bricks":3,"stat.drop.minecraft.observer":106,"stat.drop.minecraft.armor_stand":1,"stat.pickup.minecraft.redstone_torch":2,"stat.useItem.minecraft.repeater":86,"stat.leaveGame":57,"stat.useItem.minecraft.log2":3,"stat.drop.minecraft.gunpowder":41,"stat.useItem.minecraft.beacon":1,"stat.useItem.minecraft.bookshelf":12,"stat.useItem.minecraft.soul_sand":208,"stat.useItem.minecraft.skull":43,"stat.drop.minecraft.redstone":2,"stat.useItem.minecraft.diamond_sword":8,"stat.useItem.minecraft.glowstone":122,"stat.useItem.minecraft.planks":868,"stat.useItem.minecraft.end_rod":8,"stat.useItem.minecraft.nether_brick_stairs":253,"stat.useItem.minecraft.coal_block":2,"stat.useItem.minecraft.redstone_torch":84,"stat.useItem.minecraft.obsidian":72,"stat.useItem.minecraft.dirt":292,"stat.useItem.minecraft.mob_spawner":4,"stat.pickup.minecraft.leaves2":1,"stat.drop.minecraft.redstone_torch":1,"stat.drop.minecraft.end_crystal":2,"stat.useItem.minecraft.sandstone_stairs":4,"stat.useItem.minecraft.leaves2":1714,"stat.useItem.minecraft.red_nether_brick":38,"stat.pickup.minecraft.cobblestone_wall":2,"stat.pickup.minecraft.cobblestone":22,"stat.aviateOneCm":71959,"stat.useItem.minecraft.anvil":5,"stat.flyOneCm":3878383,"stat.useItem.minecraft.ender_pearl":5,"stat.drop.minecraft.gold_ingot":41,"stat.pickup.minecraft.redstone":18,"stat.drop.minecraft.tnt":1,"stat.timeSinceDeath":723444,"stat.hopperInspected":316,"stat.drop.minecraft.log":3,"stat.useItem.minecraft.sign":147,"stat.useItem.minecraft.spawn_egg":9,"stat.useItem.minecraft.melon_block":1,"stat.useItem.minecraft.wooden_slab":164,"stat.pickup.minecraft.mutton":2,"stat.drop.minecraft.blaze_powder":42,"stat.useItem.minecraft.lever":3,"stat.useItem.minecraft.nether_wart":7,"stat.furnaceInteraction":2,"stat.useItem.minecraft.dark_oak_stairs":1175,"stat.pickup.minecraft.wooden_button":1,"stat.useItem.minecraft.armor_stand":16,"stat.useItem.minecraft.end_stone":3,"stat.pickup.minecraft.prismarine":22,"stat.useItem.minecraft.redstone":274,"stat.useItem.minecraft.sea_lantern":637,"stat.drop.minecraft.cactus":41,"stat.useItem.minecraft.written_book":7,"stat.useItem.minecraft.dragon_egg":1,"stat.sprintOneCm":42349,"stat.useItem.minecraft.diamond_block":5,"stat.pickup.minecraft.end_rod":42,"stat.useItem.minecraft.hay_block":1,"stat.drop.minecraft.leather":42,"stat.useItem.minecraft.stone_slab":243,"stat.useItem.minecraft.ice":2,"stat.killEntity.Horse":1,"stat.useItem.minecraft.flint_and_steel":6,"stat.useItem.minecraft.wooden_button":3,"stat.useItem.minecraft.hopper":98,"stat.drop.minecraft.golden_apple":42,"stat.useItem.minecraft.dye":3,"stat.drop.minecraft.tipped_arrow":66,"stat.drop.minecraft.cobblestone_wall":2,"stat.deaths":20,"stat.drop":77,"stat.playOneMinute":908434,"stat.pickup.minecraft.stone_button":35,"stat.useItem.minecraft.chorus_plant":1,"stat.useItem.minecraft.banner":44,"stat.killEntity.Sheep":1,"stat.useItem.minecraft.nether_brick":149,"stat.drop.minecraft.blaze_rod":42,"stat.drop.minecraft.chest":1,"stat.pickup.minecraft.netherrack":1,"stat.chestOpened":304,"stat.useItem.minecraft.lapis_ore":1,"stat.drop.minecraft.nether_wart":305,"stat.useItem.minecraft.sticky_piston":34,"stat.pickup.minecraft.sign":8,"stat.useItem.minecraft.stone":21,"stat.drop.minecraft.hopper":1,"stat.useItem.minecraft.sponge":2,"stat.mineBlock.minecraft.ice":1,"stat.useItem.minecraft.stained_glass_pane":2,"stat.useItem.minecraft.packed_ice":2,"stat.useItem.minecraft.bedrock":175,"stat.drop.minecraft.sandstone":42,"stat.jump":534,"stat.useItem.minecraft.sand":7,"stat.pickup.minecraft.iron_ingot":2,"stat.useItem.minecraft.piston":1,"stat.crouchOneCm":7170,"stat.craftItem.minecraft.banner":1,"stat.useItem.minecraft.nether_brick_fence":15,"stat.useItem.minecraft.stone_button":56,"stat.drop.minecraft.dragon_egg":42,"stat.drop.minecraft.bed":1,"stat.craftingTableInteraction":3,"stat.useItem.minecraft.glass":4,"stat.drop.minecraft.barrier":1,"stat.useItem.minecraft.sapling":1,"stat.pickup.minecraft.comparator":1,"stat.drop.minecraft.leaves2":1,"stat.pickup.minecraft.repeater":1,"stat.useItem.minecraft.dark_oak_fence":278,"stat.damageTaken":2080,"stat.pickup.minecraft.leather":7,"stat.useItem.minecraft.stone_brick_stairs":2,"stat.pickup.minecraft.yellow_shulker_box":1,"stat.pickup.minecraft.written_book":1,"stat.useItem.minecraft.furnace":1,"stat.useItem.minecraft.gold_block":2,"stat.drop.minecraft.stone_button":2,"stat.pickup.minecraft.end_crystal":1,"stat.useItem.minecraft.yellow_shulker_box":2,"stat.useItem.minecraft.magma":13,"stat.pickup.minecraft.emerald_block":42,"stat.drop.minecraft.soul_sand":42,"stat.damageDealt":654,"stat.useItem.minecraft.crafting_table":2,"stat.drop.minecraft.emerald_block":84,"stat.useItem.minecraft.iron_bars":10,"stat.useItem.minecraft.command_block":145,"stat.pickup.minecraft.flint_and_steel":1,"stat.walkOneCm":762518,"stat.useItem.minecraft.chest":45,"stat.drop.minecraft.item_frame":1,"stat.useItem.minecraft.pumpkin":2,"stat.drop.minecraft.rotten_flesh":42,"stat.useItem.minecraft.observer":5,"stat.useItem.minecraft.log":1479,"stat.useItem.minecraft.comparator":42,"stat.useItem.minecraft.tnt":39,"stat.useItem.minecraft.cobblestone":1,"stat.useItem.minecraft.emerald_block":1,"stat.pickup.minecraft.log":2,"stat.useItem.minecraft.nether_wart_block":1,"stat.drop.minecraft.sign":1,"stat.useItem.minecraft.redstone_block":61,"stat.pickup.minecraft.tnt":1,"stat.useItem.minecraft.item_frame":23,"stat.shulkerBoxOpened":2,"stat.drop.minecraft.gold_nugget":19,"stat.mineBlock.minecraft.packed_ice":1,"stat.useItem.minecraft.leaves":747,"stat.drop.minecraft.command_block":1,"stat.useItem.minecraft.concrete":105,"stat.useItem.minecraft.fireworks":11,"stat.useItem.minecraft.netherrack":707,"stat.useItem.minecraft.prismarine":1155,"stat.drop.minecraft.nether_brick":1,"stat.useItem.minecraft.barrier":55,"stat.drop.minecraft.yellow_shulker_box":6,"stat.drop.minecraft.comparator":41,"stat.drop.minecraft.end_rod":84,"stat.mobKills":4,"stat.killEntity.Mule":1,"stat.useItem.minecraft.green_glazed_terracotta":12,"stat.drop.minecraft.written_book":2,"stat.useItem.minecraft.cobblestone_wall":23,"stat.drop.minecraft.prismarine":137,"stat.useItem.minecraft.writable_book":8,"stat.sneakTime":22467,"stat.pickup.minecraft.wool":1,"stat.drop.minecraft.sea_lantern":1,"stat.drop.minecraft.arrow":41,"stat.useItem.minecraft.sandstone":1}