{"stats":{"minecraft:used":{"minecraft:azalea":1,"minecraft:calcite":9,"minecraft:oak_trapdoor":1,"minecraft:wheat_seeds":12,"minecraft:moss_block":19,"minecraft:emerald_ore":3,"minecraft:water_bucket":12,"minecraft:iron_ore":7,"minecraft:tube_coral_block":1,"minecraft:damaged_anvil":2,"minecraft:writable_book":1,"minecraft:red_sand":3,"minecraft:amethyst_block":19,"minecraft:wither_skeleton_skull":1,"minecraft:dead_bush":1,"minecraft:bone_block":57,"minecraft:redstone":1,"minecraft:lime_wool":18,"minecraft:ladder":4,"minecraft:mycelium":29,"minecraft:orange_tulip":1,"minecraft:cactus":8,"minecraft:wither_skeleton_spawn_egg":1,"minecraft:chest":31,"minecraft:ender_chest":4,"minecraft:fox_spawn_egg":1,"minecraft:sandstone":114,"minecraft:stone":97,"minecraft:brown_mushroom":1,"minecraft:zombie_spawn_egg":1,"minecraft:redstone_block":1,"minecraft:sculk":32,"minecraft:sheep_spawn_egg":6,"minecraft:sugar_cane":4,"minecraft:gold_ore":3,"minecraft:farmland":15,"minecraft:large_amethyst_bud":2,"minecraft:netherrack":26,"minecraft:sculk_sensor":1,"minecraft:white_wool":30,"minecraft:glow_berries":10,"minecraft:mossy_cobblestone":10,"minecraft:anvil":7,"minecraft:dirt":126,"minecraft:rabbit_spawn_egg":3,"minecraft:sand":61,"minecraft:ancient_debris":1,"minecraft:yellow_terracotta":5,"minecraft:skeleton_spawn_egg":1,"minecraft:red_mushroom":3,"minecraft:nether_bricks":6,"minecraft:deepslate_redstone_ore":3,"minecraft:cave_spider_spawn_egg":1,"minecraft:raw_iron_block":2,"minecraft:tuff":9,"minecraft:dripstone_block":36,"minecraft:glow_lichen":3,"minecraft:axolotl_bucket":2,"minecraft:end_stone":140,"minecraft:light_blue_stained_glass":41,"minecraft:obsidian":8,"minecraft:nether_gold_ore":5,"minecraft:small_amethyst_bud":2,"minecraft:oak_log":5,"minecraft:jungle_sapling":2,"minecraft:amethyst_cluster":1,"minecraft:enderman_spawn_egg":1,"minecraft:piston":10,"minecraft:ender_eye":98,"minecraft:flowering_azalea":1,"minecraft:black_concrete":19,"minecraft:lava_bucket":2,"minecraft:coal_ore":9,"minecraft:red_tulip":1,"minecraft:crying_obsidian":4,"minecraft:red_wool":10,"minecraft:deepslate_iron_ore":8,"minecraft:grass_block":177,"minecraft:blue_orchid":1,"minecraft:panda_spawn_egg":3,"minecraft:birch_sapling":2,"minecraft:jungle_log":5,"minecraft:spawner":6,"minecraft:lapis_ore":7,"minecraft:red_terracotta":18,"minecraft:diamond_ore":4,"minecraft:raw_gold_block":1,"minecraft:spruce_sapling":4,"minecraft:deepslate":52,"minecraft:yellow_wool":9,"minecraft:bamboo":6,"minecraft:bedrock":1,"minecraft:deepslate_diamond_ore":12,"minecraft:magma_block":1,"minecraft:cobblestone":33,"minecraft:hay_block":34,"minecraft:written_book":2,"minecraft:sweet_berries":1,"minecraft:oak_sapling":1,"minecraft:furnace":4,"minecraft:medium_amethyst_bud":1,"minecraft:podzol":4,"minecraft:netherite_pickaxe":1079,"minecraft:end_portal_frame":154,"minecraft:infested_cobblestone":10,"minecraft:skeleton_skull":1,"minecraft:trapped_chest":3,"minecraft:white_concrete":23,"minecraft:kelp":4,"minecraft:gray_wool":9,"minecraft:sculk_vein":3,"minecraft:orange_terracotta":9,"minecraft:seagrass":2,"minecraft:bone_meal":48,"minecraft:turtle_spawn_egg":1,"minecraft:pointed_dripstone":13,"minecraft:brown_bed":3,"minecraft:cobweb":18,"minecraft:dark_oak_sapling":4},"minecraft:dropped":{"minecraft:spawner":1,"minecraft:zombie_spawn_egg":1,"minecraft:mossy_cobblestone":1,"minecraft:cobblestone":1},"minecraft:picked_up":{"minecraft:rabbit_stew":2,"minecraft:brown_mushroom":4,"minecraft:red_mushroom":6,"minecraft:mushroom_stew":2,"minecraft:potion":1,"minecraft:wheat_seeds":2,"minecraft:bamboo":1,"minecraft:rabbit":5,"minecraft:iron_sword":1,"minecraft:cactus":7,"minecraft:scute":1,"minecraft:emerald":6,"minecraft:cobblestone":23},"minecraft:custom":{"minecraft:interact_with_furnace":20,"minecraft:mob_kills":1,"minecraft:interact_with_anvil":12,"minecraft:leave_game":8,"minecraft:time_since_death":189637,"minecraft:climb_one_cm":32,"minecraft:time_since_rest":189637,"minecraft:sprint_one_cm":660,"minecraft:open_enderchest":3,"minecraft:walk_one_cm":77685,"minecraft:trigger_trapped_chest":5,"minecraft:drop":4,"minecraft:damage_dealt":259,"minecraft:fly_one_cm":1026138,"minecraft:open_chest":57,"minecraft:crouch_one_cm":1216,"minecraft:play_time":189637,"minecraft:sneak_time":5493,"minecraft:walk_under_water_one_cm":4489,"minecraft:jump":83,"minecraft:walk_on_water_one_cm":510,"minecraft:total_world_time":211418},"minecraft:mined":{"minecraft:stone":1079}},"DataVersion":3337}