{
    "display": {
        "icon": {
            "item": "minecraft:ender_pearl"
        },
        "title": {
            "translate": "advancements.skyblock.end.enter_end_gateway.title"
        },
        "description": {
            "translate": "advancements.skyblock.end.enter_end_gateway.description"
        }
    },
    "parent": "skyblock:end/kill_dragon",
    "criteria": {
        "entered_end_gateway": {
            "trigger": "minecraft:enter_block",
            "conditions": {
                "block": "minecraft:end_gateway"
            }
        }
    }
}
