{
    "display": {
        "icon": {
            "item": "minecraft:purpur_block"
        },
        "title": {
            "translate": "advancements.skyblock.end.find_end_city.title"
        },
        "description": {
            "translate": "advancements.skyblock.end.find_end_city.description"
        }
    },
    "parent": "skyblock:end/enter_end_gateway",
    "criteria": {
        "in_city": {
            "trigger": "minecraft:location",
            "conditions": {
                "feature": "EndCity"
            }
        }
    }
}
