{
    "display": {
        "icon": {
            "item": "minecraft:skull",
            "data": 5
        },
        "title": {
            "translate": "advancements.skyblock.end.kill_dragon.title"
        },
        "description": {
            "translate": "advancements.skyblock.end.kill_dragon.description"
        }
    },
    "parent": "skyblock:end/root",
    "criteria": {
        "killed_dragon": {
            "trigger": "minecraft:player_killed_entity",
            "conditions": {
                "entity": {
                    "type": "ender_dragon"
                }
            }
        }
    }
}
